"channel","category","field","character_limit","target_keyword","current_issue","icp_pain","fab_logic","final_copy","character_count","proof_source"
"Capterra","Default","Long Description","1000","construction time tracking software","Generic product-led opening; limited buyer pain and proof","Missing timesheets, payroll re-entry, weak job-cost visibility","Mobile and GPS time capture connects field hours to jobs, reducing manual payroll work and improving labor visibility","Construction time tracking software cuts office work without adding another system to manage. ClockShark helps your crew capture time in the field with mobile clock-ins, GPS tools, scheduling and job management. Each clock-in stays connected to the right job, so office staff see who is working and prepare cleaner time data for payroll and job costing. You spend less time chasing paper timesheets, re-entering hours and piecing together job details. ClockShark also connects with QuickBooks, Xero, ADP, Paychex and Sage 100 Contractor. General contractor Caspar Building Systems reports saving more than 10 hours a week on timesheets and $1,000 a month after switching to ClockShark.","685","https://www.clockshark.com/ | https://www.clockshark.com/testimonials/caspar-building-systems"
"Capterra","Default","Short Description","135","construction time tracking software","Near the limit but generic and third-person","Buyers cannot quickly identify the use case or outcome","Names the category, core capabilities and intended buyer in one sentence","Construction time tracking software with GPS, scheduling and job costing tools for field service and construction crews.","120","https://www.clockshark.com/"
"Capterra","Default","Target Market","200","construction and field service companies","Broad industry list without role or pain specificity","Mobile-crew businesses need accurate hours and less payroll admin","Defines company type, operating model and the problems ClockShark addresses","For construction and field service companies with mobile crews that need easier time capture, scheduling, payroll preparation and job-cost visibility.","150","https://www.clockshark.com/"
"Capterra","Construction Estimating","Long Description","1000","construction estimating","Published listing is marked Default and does not own the category intent","Estimators lack dependable actual labor history","Job-and-task time records create clearer inputs for bids and budget checks","Construction estimating works best with reliable labor history. ClockShark records crew time by job and task from mobile devices, giving you a clearer view of the labor used on completed work. Instead of rebuilding hours from paper timesheets, use organized job-time reports to check labor performance and inform future bids. Your office spends less time hunting for records, and estimators get better inputs for planning profitable work.","438","https://www.clockshark.com/tour/job-costing"
"Capterra","Construction Estimating","Short Description","135","construction estimating","Published listing is marked Default","Estimators need usable labor history without manual reconstruction","Connects time by job and task to future estimating decisions","Construction estimating gets clearer labor records when you track crew hours by job and task across completed work.","115","https://www.clockshark.com/tour/job-costing"
"Capterra","Construction Management","Long Description","1000","construction time tracking software","Current copy lists features without a strong buyer outcome","Managers chase cards and cannot connect hours to active jobs","Mobile clock-ins, schedules and job records create a cleaner jobsite-to-payroll workflow","Construction time tracking software shortens the distance between the jobsite and payroll. ClockShark lets employees clock in from the field while managers see who is working, assign jobs and review labor time without chasing paper cards. Crew hours, schedules and job details stay connected, giving your office a cleaner path to payroll and job costing with less manual entry and fewer missing details.","403","https://www.clockshark.com/industries/construction-trades"
"Capterra","Construction Management","Short Description","135","construction time tracking software","Current short copy is generic","Construction managers need one view of crews, hours and jobs","Names the connected workflow and its operational benefit","Construction time tracking software that connects mobile crew hours, job details, scheduling, payroll and job costing.","118","https://www.clockshark.com/industries/construction-trades"
"Capterra","Employee Scheduling","Long Description","1000","employee scheduling and time tracking software","Current copy is reused from other categories and relies on unverified claims","Schedule changes and time records live in separate workflows","Connected scheduling and time capture reduces coordination and payroll work","Employee scheduling and time tracking software makes a schedule change less of a scramble. With ClockShark, you assign jobs, update schedules and send changes to the field while employees clock in from mobile devices. Time records stay connected to jobs, helping you prepare payroll and understand labor use without separate spreadsheets. Clean Right Solutions reports saving six hours a week and $400 a month after using ClockShark for scheduling, timesheets and payroll.","472","https://www.clockshark.com/tour/employee-scheduling | https://www.clockshark.com/testimonials/clean-right-solutions-llc"
"Capterra","Employee Scheduling","Short Description","135","employee scheduling and time tracking software","Current short copy does not match scheduling intent","Dispatchers need faster schedule changes and accurate hours","Combines job assignment, shift updates and time capture","Employee scheduling and time tracking software for assigning jobs, updating shifts and capturing field crew hours in one workflow.","130","https://www.clockshark.com/tour/employee-scheduling"
"Capterra","GPS Tracking","Long Description","1000","GPS time clock app","Current copy leads with a generic free-trial promotion and stale superlatives","Managers lack confidence about where field time was recorded","GPS-stamped clock-ins and geofencing add location context to time records","A GPS time clock app gives each clock-in the context a paper timesheet cannot. ClockShark combines mobile clock-ins, GPS-stamped time, geofencing and location visibility while employees work. Managers review field activity without constant calls, while payroll teams receive job-linked records instead of handwritten cards. Villa Serena Communities reports cutting weekly payroll preparation from eight hours to under two after adopting ClockShark with GPS-stamped clock-ins and connected job data.","498","https://www.clockshark.com/tour/gps-time-clock-app | https://www.clockshark.com/testimonials/villa-serena-communities"
"Capterra","GPS Tracking","Short Description","135","GPS time clock app","Current short copy is promotional rather than problem-led","Managers need location context for mobile crew time","Connects GPS context to job-linked clock-ins","GPS time clock app with geofencing and location context for mobile crew hours, job tracking and payroll preparation.","116","https://www.clockshark.com/tour/gps-time-clock-app"
"Capterra","Job Costing","Long Description","1000","construction job costing software","Current copy uses unverified leadership language and an outdated customer count","Labor hours are difficult to connect to projects and billing","Job-and-task time reporting exposes labor used by project","Construction job costing software is only as useful as the hours behind it. ClockShark captures field time from mobile devices, organizes labor by job and task, and produces reports your office uses for payroll, billing and cost reviews. You spend less time matching spreadsheets to timesheets and get a clearer view of who worked, where and for how long. Unique Stays reports saving five administrative hours a week while improving project-cost tracking and billing visibility with ClockShark.","494","https://www.clockshark.com/tour/job-costing | https://www.clockshark.com/testimonials/unique-stays"
"Capterra","Job Costing","Short Description","135","construction job costing software","Current short copy is brand-led and generic","Teams need labor hours connected to jobs","Job-linked time creates clearer labor-cost reporting","Construction job costing software that links mobile crew hours to jobs and tasks for clearer payroll, billing and labor reports.","128","https://www.clockshark.com/tour/job-costing"
"Capterra","Professional Services Automation","Long Description","1000","professional services automation","Published listing is marked Default and overstates broad PSA coverage","Service teams re-enter field time across administrative systems","Structured time and job data can move into payroll and accounting workflows","For professional services automation, the hard part is the handoff from field work to office admin. ClockShark connects field time and job data to the workflows that depend on them. Employees clock in against assigned work from mobile devices, while managers review schedules, job details and labor reports from the web. Integrations with QuickBooks, Xero, ADP, Paychex and Sage 100 Contractor help reduce repetitive entry between time tracking, payroll and accounting.","469","https://www.clockshark.com/ | https://www.clockshark.com/integrations/"
"Capterra","Professional Services Automation","Short Description","135","professional services automation","Published listing is marked Default","Service teams need time and job data connected to office workflows","Connects mobile time capture with payroll and accounting integrations","Professional services automation for field time, job data, scheduling, reporting, payroll and accounting workflows.","115","https://www.clockshark.com/integrations/"
"Capterra","Project Management","Long Description","1000","field project management","Current copy relies on unverified leadership and customer-count claims","Crews and office staff lose context across schedules, jobs and timesheets","Central job details and linked time records keep field work visible","Field project management gets messy when schedules, job details and crew hours live in different places. ClockShark gives your office a central place to organize customers, jobs and tasks while field employees record time against the work they are completing. Managers see who is working, adjust schedules and review labor by job without stitching together separate timesheets and messages. Your team spends less time tracking down updates and gets a clearer record of project activity.","486","https://www.clockshark.com/tour/job-management"
"Capterra","Project Management","Short Description","135","field project management","Current short copy does not explain the project workflow","Teams lose context between the office and jobsite","Connects jobs, tasks, schedules and crew hours","Field project management connects jobs, tasks, schedules and crew hours in one shared workflow.","95","https://www.clockshark.com/tour/job-management"
"Capterra","Time Clock","Long Description","1000","clock in clock out app","Current copy starts with a promotion rather than the buyer problem","Paper cards create missing hours and payroll re-entry","Mobile and web clock-ins create job-linked digital time records","A clock in clock out app makes Friday payroll less of a detective job. ClockShark lets field employees clock in from mobile devices and gives office-based staff a web clock, so each team records hours in a way that fits its day. Managers review who is working and prepare organized timesheets for payroll and job costing. You spend less time chasing missing cards, reading handwriting and entering the same hours again.","419","https://www.clockshark.com/tour/clock-in-clock-out | https://www.clockshark.com/tour/web-punch-clock"
"Capterra","Time Clock","Short Description","135","clock in clock out app","Current short copy uses unverified leadership language","Businesses need an easier replacement for paper time cards","Mobile and web clock-ins feed payroll-ready timesheets","Clock in clock out app for mobile and office teams that need job-linked timesheets for payroll and labor reporting.","115","https://www.clockshark.com/tour/clock-in-clock-out"
"Capterra","Time Tracking","Long Description","1000","field service time tracking software","Current copy starts with a promotion and generic savings language","Mobile crews create incomplete or inconsistent time records","Field time capture and integrations reduce manual payroll work","Field service time tracking software works best when crews barely have to think about it. ClockShark combines mobile clock-ins, GPS context, job and task selection, timesheet approvals and labor reporting, so the office receives organized records instead of paper cards. Integrations move approved time into payroll and accounting workflows, reducing duplicate entry. Underground Contractors reports saving 16 hours of manual work each month after integrating ClockShark with ADP Workforce Now.","494","https://www.clockshark.com/tour/time-tracking-software | https://www.clockshark.com/resources/case-study-underground-contractors"
"Capterra","Time Tracking","Short Description","135","field service time tracking software","Current short copy does not differentiate the field use case","Crews need simple time capture and offices need usable records","Turns mobile time into job-linked payroll and cost data","Field service time tracking software for mobile clock-ins, GPS context, job-linked hours and easier payroll preparation.","120","https://www.clockshark.com/tour/time-tracking-software"
"Capterra","Time and Expense","Long Description","1000","online timesheet software","Published listing is marked Default and does not address the category","Teams cannot reliably connect labor time to jobs and payroll","Digital timesheets organize hours by employee, job and task","Online timesheet software gives payroll a clean handoff, not another spreadsheet to fix. ClockShark captures hours by employee, job and task, then organizes those records for manager review and reporting. Mobile crews submit time from the field while office staff work from the web. Your business gets more consistent labor records with less paper handling and repeated entry, without asking employees or payroll teams to rebuild the workweek from memory.","455","https://www.clockshark.com/tour/online-time-sheets"
"Capterra","Time and Expense","Short Description","135","online timesheet software","Published listing is marked Default","Payroll teams need consistent job-linked labor records","Digital timesheets reduce paper handling and re-entry","Online timesheet software that organizes employee hours by job and task for payroll, billing and labor-cost reviews.","116","https://www.clockshark.com/tour/online-time-sheets"
"Capterra","Workforce Management","Long Description","1000","employee attendance software","Published listing is marked Default and lacks workforce-specific benefits","Managers lack visibility into attendance, schedules and mobile crews","Attendance, GPS context, scheduling and reporting create operational visibility","Employee attendance software answers the questions that keep the office ringing: Who is working? Where? On which job? ClockShark combines mobile and web time capture, GPS context, scheduling and labor reporting to connect attendance with the right work. Managers get a clearer view of field activity, while payroll teams receive organized time records for review. Coordinate mobile employees with fewer check-in calls, paper cards and disconnected spreadsheets.","461","https://www.clockshark.com/tour/time-attendance-software"
"Capterra","Workforce Management","Short Description","135","employee attendance software","Published listing is marked Default","Managers need visibility into attendance and mobile work","Connects attendance, schedules, job assignments and labor reports","Employee attendance software with mobile clock-ins, GPS context, scheduling and job-linked labor reports for field teams.","121","https://www.clockshark.com/tour/time-attendance-software"
"Software Advice","Default","Long Description","4000","construction time tracking software","Current description is accurate but generic, third-person and unsupported by customer outcomes","Owners and office teams are overwhelmed by missing time, payroll re-entry and unclear labor costs","Mobile time capture, job context, scheduling and integrations replace fragmented processes with a connected workflow","Construction time tracking software keeps Monday payroll from starting with a hunt for missing timecards. ClockShark serves construction and field service leaders who want fewer paper timesheets and less re-entry. Payroll teams also get a clearer view of labor by job. Employees clock in from mobile devices and select the job or task they are working on. GPS tools and geofencing add location context while employees work, helping managers understand field activity without constant calls. Office staff build schedules, assign work, review timesheets and run labor reports from the web. Because time stays connected to jobs, the same records support payroll preparation, billing and job-cost reviews. ClockShark connects with QuickBooks, Xero, ADP, Paychex and Sage 100 Contractor to reduce duplicate entry between time tracking, payroll and accounting. Support resources include phone support, online help, documentation and product videos. ClockShark customers report measurable results. General contractor Caspar Building Systems says it saves more than 10 hours a week on timesheets, completes payroll in 30 minutes and saves $1,000 a month. Villa Serena Communities says weekly payroll preparation fell from eight hours to under two after it connected GPS-stamped clock-ins with job and payroll data. Unique Stays reports saving five administrative hours a week and getting clearer project-cost and billing information. ClockShark is a strong fit for growing construction and field service companies that need mobile time capture and better office visibility. Late timecards, changing schedules, unclear job labor and repetitive payroll entry all slow the office down. ClockShark brings those workflows into one system without making the field team manage a complex back-office platform.","1793","https://www.clockshark.com/ | https://www.clockshark.com/testimonials/caspar-building-systems | https://www.clockshark.com/testimonials/villa-serena-communities | https://www.clockshark.com/testimonials/unique-stays"
"GetApp","Default","Long Description","4000","construction time tracking software","Current copy is long but generic and lacks integrations, differentiated outcomes and customer proof","Tech-comparing buyers need concrete functions, workflows and evidence","Specific mobile, GPS, scheduling, reporting and integration details show how data moves from field work to payroll and job costing","Construction time tracking software gives the office a usable record of the day before crews leave the jobsite. ClockShark provides mobile and web time capture for construction and field service companies whose employees move between jobsites, customers and tasks. Employees clock in against jobs and tasks from mobile devices. GPS-stamped time, geofencing and location visibility add context to field hours while employees work. Managers see who is working, create schedules, assign jobs and review time records without relying on phone calls or paper cards. Job details and labor reports stay connected, giving office teams clearer inputs for payroll, billing and cost reviews. ClockShark integrates with QuickBooks, Xero, ADP, Paychex and Sage 100 Contractor. Approved time moves into payroll and accounting workflows, reducing repetitive entry and helping teams work from a consistent record of employee hours. Customer examples show the day-to-day impact. Caspar Building Systems reports saving more than 10 hours a week on timesheets and $1,000 a month. Villa Serena Communities reports reducing weekly payroll preparation from eight hours to under two with GPS-stamped clock-ins and connected job data. Unique Stays reports saving five administrative hours a week while improving project-cost and billing visibility. ClockShark serves owners, operations managers, field supervisors and payroll administrators. Crews get practical mobile time capture, and the office gets job-linked records for review.","1508","https://www.clockshark.com/ | https://www.clockshark.com/testimonials/caspar-building-systems | https://www.clockshark.com/testimonials/villa-serena-communities | https://www.clockshark.com/testimonials/unique-stays"
"GetApp","Default","Short Description","300","construction time tracking software","Current value is 434 characters and exceeds the 300-character limit","Buyers need a fast statement of fit, functions and benefit","Summarizes the field-to-office workflow in fewer than 300 characters","Construction time tracking software for mobile crews. ClockShark gives mobile crews web and app-based clock-ins, GPS tools and scheduling. Job management, labor reports and payroll integrations help you replace paper timesheets, reduce re-entry and understand labor by job.","273","https://www.clockshark.com/"
"GetApp","Default","Tagline","60","construction time tracking software","Current tagline is narrow and omits field service","Mobile crews need an immediate category and audience signal","Uses the primary keyword and identifies the operating model","Construction time tracking software for mobile crews","52","https://www.clockshark.com/"
"GetApp","Default","Benefits","4000","construction time tracking benefits","Current benefits use dated phrasing and make integration claims without customer evidence","Buyers need scannable outcomes tied to concrete functions","Each item pairs a capability with an operational benefit and selected customer evidence","<li>Replace paper timesheets with mobile and web clock-ins that connect employee hours to the right job and task.</li><li>Add GPS and geofencing context to field time so managers understand where work starts and stops without constant check-in calls.</li><li>Build schedules, assign jobs and communicate changes through the same system used to capture crew hours.</li><li>Use job-linked time and labor reports to prepare payroll, support billing and review labor costs with less spreadsheet reconciliation.</li><li>Connect approved time with QuickBooks, Xero, ADP, Paychex and Sage 100 Contractor to reduce repetitive entry across office workflows.</li><li>Caspar Building Systems reports saving more than 10 hours a week on timesheets and $1,000 a month.</li><li>Villa Serena Communities reports cutting weekly payroll preparation from eight hours to under two.</li><li>Unique Stays reports saving five administrative hours a week.</li>","937","https://www.clockshark.com/ | https://www.clockshark.com/testimonials/caspar-building-systems | https://www.clockshark.com/testimonials/villa-serena-communities | https://www.clockshark.com/testimonials/unique-stays"
"GetApp","Construction Estimating","Short Description","300","construction estimating","Category currently inherits generic default copy","Estimators lack reliable actual labor history","Job-and-task hours provide clearer inputs for future estimates","Construction estimating works best with reliable labor history. ClockShark records mobile crew hours by job and task, giving you organized actual-time data to check labor performance and build future bids without reconstructing paper timesheets.","245","https://www.clockshark.com/tour/job-costing"
"GetApp","Construction Management","Short Description","300","construction time tracking software","Category currently inherits generic default copy","Managers need crews, hours, schedules and jobs connected","A single workflow moves field time into payroll and job costing","Construction time tracking software connects mobile clock-ins, schedules, job details and labor reports. Managers see who is working and review hours by job, while the office spends less time chasing cards and preparing data for payroll and job costing.","253","https://www.clockshark.com/industries/construction-trades"
"GetApp","Employee Scheduling","Short Description","300","employee scheduling and time tracking software","Category currently inherits generic default copy","Schedule changes and time records are disconnected","Job assignment, shift updates and time capture stay in one workflow","Employee scheduling and time tracking software lets you assign jobs, update shifts and capture the hours worked in one workflow. Field teams receive schedule changes while office staff get job-linked time records for payroll and labor reporting.","245","https://www.clockshark.com/tour/employee-scheduling"
"GetApp","GPS Tracking","Short Description","300","GPS time clock app","Category currently inherits generic default copy","Managers lack location context for mobile time","GPS-stamped time and geofencing make field activity easier to verify","A GPS time clock app gives mobile clock-ins the context a paper timesheet cannot. ClockShark combines GPS-stamped time, geofencing and visibility into who is working, helping managers review field activity while payroll gets job-linked digital records.","252","https://www.clockshark.com/tour/gps-time-clock-app"
"GetApp","Job Costing","Short Description","300","construction job costing software","Category currently inherits generic default copy","Labor time is difficult to match to projects","Time recorded by job and task improves cost and billing visibility","Construction job costing software connects employee hours to the right job and task. ClockShark turns field time into organized labor reports for payroll, billing and cost reviews, reducing the spreadsheet work required to understand who worked, where and for how long.","269","https://www.clockshark.com/tour/job-costing"
"GetApp","Professional Services Automation","Short Description","300","professional services automation","Category currently inherits generic default copy","Service teams re-enter field hours into office systems","Mobile time, job data and integrations reduce administrative duplication","For professional services automation, ClockShark connects mobile time and job records with scheduling, reporting, payroll and accounting workflows. Integrations with QuickBooks, Xero, ADP, Paychex and Sage 100 Contractor help reduce repetitive entry.","250","https://www.clockshark.com/integrations/"
"GetApp","Project Management","Short Description","300","field project management","Category currently inherits generic default copy","Office and field teams lose project context","Central jobs, tasks, schedules and hours make activity easier to follow","Field project management gets messy when jobs, schedules and crew hours live in different places. ClockShark gives the office a central record of work while mobile employees track time against assigned jobs, reducing update-chasing and scattered project information.","266","https://www.clockshark.com/tour/job-management"
"GetApp","Time Clock","Short Description","300","clock in clock out app","Category currently inherits generic default copy","Paper cards cause missing hours and payroll re-entry","Mobile and web clocks create job-linked digital timesheets","A clock in clock out app makes payroll less of a detective job. ClockShark gives mobile and office teams a simple way to record job-linked hours. Managers review who is working and prepare digital timesheets without chasing paper cards or entering time twice.","259","https://www.clockshark.com/tour/clock-in-clock-out"
"GetApp","Time Tracking","Short Description","300","field service time tracking software","Category currently inherits generic default copy","Mobile crews submit inconsistent or incomplete hours","Field clock-ins, GPS context and approvals create usable office records","Field service time tracking software works best when crews barely have to think about it. ClockShark combines mobile clock-ins, GPS context, job and task selection, approvals and labor reporting, so the office gets organized records for payroll and job costing.","261","https://www.clockshark.com/tour/time-tracking-software"
"GetApp","Time and Expense","Short Description","300","online timesheet software","Category currently inherits generic default copy","Labor records are difficult to organize before payroll and billing","Digital timesheets structure time by employee, job and task","Online timesheet software gives payroll a clean handoff, not another spreadsheet to fix. ClockShark organizes mobile and web time by employee, job and task for review, payroll, billing and labor-cost reporting, with less paper handling and repeated entry.","255","https://www.clockshark.com/tour/online-time-sheets"
"GetApp","Workforce Management","Short Description","300","employee attendance software","Category currently inherits generic default copy","Managers lack visibility into attendance, schedules and field activity","Attendance, GPS context and job-linked reporting improve workforce visibility","Employee attendance software answers three questions: Who is working? Where? On which job? ClockShark combines mobile and web clock-ins, GPS context, scheduling and labor reporting, giving managers a clearer view of field activity and payroll a cleaner record to review.","270","https://www.clockshark.com/tour/time-attendance-software"
